lesson_id,dialogue_line,scene,speaker,amis_text,chinese_translation,audio_url
1,1,未知場景,未知說話者,Talacowa kiso?,你要去哪裡？,https://web.klokah.tw/extension/con_data/sound/3/dialogue/3c1d1.mp3
1,2,未知場景,未知說話者,Miliso’ kako to malitengay niyam.,我要去探訪我們的父母親。,https://web.klokah.tw/extension/con_data/sound/3/dialogue/3c1d2.mp3
1,3,未知場景,未知說話者,Fangcal to cangra?,他們好嗎？,https://web.klokah.tw/extension/con_data/sound/3/dialogue/3c1d3.mp3
1,4,未知場景,未知說話者,"Fangcal to, awa ko kihar nangra.",很平安，他們沒煩惱。,https://web.klokah.tw/extension/con_data/sound/3/dialogue/3c1d4.mp3
1,5,未知場景,未知說話者,Pina a romi’ad ko kailoma’an iso?,你要回去幾天呢？,https://web.klokah.tw/extension/con_data/sound/3/dialogue/3c1d5.mp3
1,6,未知場景,未知說話者,Tosa a romi’ad i loma’ kako.,我在家只待兩天。,https://web.klokah.tw/extension/con_data/sound/3/dialogue/3c1d6.mp3
1,7,未知場景,未知說話者,O maan ko pidadakawan iso a minokay?,你搭什麼車回去呢？,https://web.klokah.tw/extension/con_data/sound/3/dialogue/3c1d7.mp3
1,8,未知場景,未知說話者,O cinamalay.,搭火車。,https://web.klokah.tw/extension/con_data/sound/3/dialogue/3c1d8.mp3
1,9,未知場景,未知說話者,Ano patatikol kiso katayni i loma’ malaholol malafi.,假如你回來後，請來到家裡寒喧吃晚餐。,https://web.klokah.tw/extension/con_data/sound/3/dialogue/3c1d9.mp3
1,10,未知場景,未知說話者,’Aray! haen han aca.,謝謝！就這樣說定。,https://web.klokah.tw/extension/con_data/sound/3/dialogue/3c1d10.mp3
1,11,未知場景,未知說話者,Hayda! na’onen ko rakat.,好吧！路上小心。,https://web.klokah.tw/extension/con_data/sound/3/dialogue/3c1d11.mp3
2,1,未知場景,未知說話者,Cima ko ngangan iso?,你叫什麼名字？,https://web.klokah.tw/extension/con_data/sound/3/dialogue/3c2d1.mp3
2,2,未知場景,未知說話者,Ci Panay kako.,我是Panay。,https://web.klokah.tw/extension/con_data/sound/3/dialogue/3c2d2.mp3
2,3,未知場景,未知說話者,Cima kora fafahiyan?,那位女生是誰？,https://web.klokah.tw/extension/con_data/sound/3/dialogue/3c2d3.mp3
2,4,未知場景,未知說話者,"Ci Rongac cingra, o widang ako.",他叫Rongac，是我的朋友。,https://web.klokah.tw/extension/con_data/sound/3/dialogue/3c2d4.mp3
2,5,未知場景,未知說話者,Nga’ay ho kiso Rongac?,Rongac你好嗎？,https://web.klokah.tw/extension/con_data/sound/3/dialogue/3c2d5.mp3
2,6,未知場景,未知說話者,"Mamaan aca, kiso hani?",我很好，你呢？,https://web.klokah.tw/extension/con_data/sound/3/dialogue/3c2d6.mp3
2,7,未知場景,未知說話者,I cowa ko niyaro’ iso Rongac?,Rongac你的部落在哪裡。,https://web.klokah.tw/extension/con_data/sound/3/dialogue/3c2d7.mp3
2,8,未知場景,未知說話者,I tini i Posong Kakacawan.,在臺東縣長濱鄉。,https://web.klokah.tw/extension/con_data/sound/3/dialogue/3c2d8.mp3
2,9,未知場景,未知說話者,O maan ko tayal iso?,你做什麼工作？,https://web.klokah.tw/extension/con_data/sound/3/dialogue/3c2d9.mp3
2,10,未知場景,未知說話者,"O singsi kako, pasifana’ to caciyaw, o radiw ato serangawan no Pangcah.",我是老師，教阿美族族語、歌謠和文化。,https://web.klokah.tw/extension/con_data/sound/3/dialogue/3c2d10.mp3
2,11,未知場景,未知說話者,’Aloman ko mitiliday i tira?,在那裡有很多學生嗎？,https://web.klokah.tw/extension/con_data/sound/3/dialogue/3c2d11.mp3
2,12,未知場景,未知說話者,"Hai, saheto o wawa no Pangcah.",是的，都是阿美族的孩子。,https://web.klokah.tw/extension/con_data/sound/3/dialogue/3c2d12.mp3
3,1,未知場景,未知說話者,"Ina, macahiw to kako, ira ko kakaenen?",媽媽，我肚子好餓，有東西吃嗎？,https://web.klokah.tw/extension/con_data/sound/3/dialogue/3c3d1.mp3
3,2,未知場景,未知說話者,Ira i pinsiang ko lidaw.,冰箱裡有西瓜。,https://web.klokah.tw/extension/con_data/sound/3/dialogue/3c3d2.mp3
3,3,未知場景,未知說話者,"Na’ay, caayay kafecol komaen to lidaw.",不要，吃西瓜吃不飽。,https://web.klokah.tw/extension/con_data/sound/3/dialogue/3c3d3.mp3
3,4,未知場景,未知說話者,O maan to ko kacahiwan iso?,你有這麼餓嗎？,https://web.klokah.tw/extension/con_data/sound/3/dialogue/3c3d4.mp3
3,5,未知場景,未知說話者,"Tadamaroray kako anini a miongto, o maan ko mitangtangan iso a dateng sao?",我今天運動實在很累，你煮什麼菜？,https://web.klokah.tw/extension/con_data/sound/3/dialogue/3c3d5.mp3
3,6,未知場景,未知說話者,"Ira ko foting, ’afar, titi ato tatokem.",有魚、蝦、肉和龍葵。,https://web.klokah.tw/extension/con_data/sound/3/dialogue/3c3d6.mp3
3,7,未知場景,未知說話者,Ngalef saan ko cahiw ako a pakasanek to misafelan iso.,聞到你的料理我更加的餓。,https://web.klokah.tw/extension/con_data/sound/3/dialogue/3c3d7.mp3
3,8,未知場景,未知說話者,Pahanhan han ho i tiraw i ’anengan a maro'.,先在那椅子上坐著休息吧。,https://web.klokah.tw/extension/con_data/sound/3/dialogue/3c3d8.mp3
3,9,未知場景,未知說話者,"Te:di saan ko cidal anini, loso’ sa ko ciferang ako.",今天的太陽很炎熱，我一直在流汗。,https://web.klokah.tw/extension/con_data/sound/3/dialogue/3c3d9.mp3
3,10,未知場景,未知說話者,"Sisiten to sasifin ko ciferang, malalisanaw.",用毛巾把汗水擦乾，以免感冒。,https://web.klokah.tw/extension/con_data/sound/3/dialogue/3c3d10.mp3
4,1,未知場景,未知說話者,Masamaan ko romi’ad anini?,今天的天氣怎麼樣？,https://web.klokah.tw/extension/con_data/sound/3/dialogue/3c4d1.mp3
4,2,未知場景,未知說話者,"Fangcal ko romi’ad, macidal.",是好天氣，出太陽。,https://web.klokah.tw/extension/con_data/sound/3/dialogue/3c4d2.mp3
4,3,未知場景,未知說話者,Ira ko faliyos sa ko katengilan.,聽說有颱風。,https://web.klokah.tw/extension/con_data/sound/3/dialogue/3c4d3.mp3
4,4,未知場景,未知說話者,So’elin! a matira manga’ay mifoting kita.,真的嗎？那我們可以去捕魚了。,https://web.klokah.tw/extension/con_data/sound/3/dialogue/3c4d4.mp3
4,5,未知場景,未知說話者,Ira ko foting saw?,會有魚嗎？,https://web.klokah.tw/extension/con_data/sound/3/dialogue/3c4d5.mp3
4,6,未知場景,未知說話者,"Ano makereng ko ’orad, manga’ay tayra i ’alo micadiway.",下豪大雨的時候，可以去河邊網魚。,https://web.klokah.tw/extension/con_data/sound/3/dialogue/3c4d6.mp3
4,7,未知場景,未知說話者,O maan ko i ’aloay sao?,在河裡有什麼呢？,https://web.klokah.tw/extension/con_data/sound/3/dialogue/3c4d7.mp3
4,8,未知場景,未知說話者,"Ira ko foting, o hara, o ’afar, o kafos, o kalang ato masamaamaanay aalaen.",有魚、溪魚、蝦、小溪蝦、螃蟹還有各式各樣溪流生物。,https://web.klokah.tw/extension/con_data/sound/3/dialogue/3c4d8.mp3
4,9,未知場景,未知說話者,Matiniay ko ’orip no Pangcah?,這是阿美族的生活文化嗎？,https://web.klokah.tw/extension/con_data/sound/3/dialogue/3c4d9.mp3
4,10,未知場景,未知說話者,"Hai, caay kanikaw ko Pangcah to kakaenen.",是的，阿美族靠大自然生活，不缺食物。,https://web.klokah.tw/extension/con_data/sound/3/dialogue/3c4d10.mp3
5,1,未知場景,未知說話者,I hakowaay a miheca a mahofoc kiso?,你是何年出生的？,https://web.klokah.tw/extension/con_data/sound/3/dialogue/3c5d1.mp3
5,2,未知場景,未知說話者,1984 miheca a mahofoc kako.,我是1984年出生的。,https://web.klokah.tw/extension/con_data/sound/3/dialogue/3c5d2.mp3
5,3,未知場景,未知說話者,O kacanglahan ko kahofocan iso?,你的生日是春天嗎？,https://web.klokah.tw/extension/con_data/sound/3/dialogue/3c5d3.mp3
5,4,未知場景,未知說話者,Hai; i sakatosa polo’ romi’ad no sakatolo a folad ko kahofocan ako.,是的；三月二十日是我的生日。,https://web.klokah.tw/extension/con_data/sound/3/dialogue/3c5d4.mp3
5,5,未知場景,未知說話者,O sakapina no pilipayan i tiya a romi’ad?,那時候是星期幾？,https://web.klokah.tw/extension/con_data/sound/3/dialogue/3c5d5.mp3
5,6,未知場景,未知說話者,Sakasepat no pilipayan.,星期四。,https://web.klokah.tw/extension/con_data/sound/3/dialogue/3c5d6.mp3
5,7,未知場景,未知說話者,O sakapina no pilipayan anini?,今天是星期幾？,https://web.klokah.tw/extension/con_data/sound/3/dialogue/3c5d7.mp3
5,8,未知場景,未知說話者,Sakaenem to no pilipayan.,已經是星期六了。,https://web.klokah.tw/extension/con_data/sound/3/dialogue/3c5d8.mp3
5,9,未知場景,未知說話者,Mafawahay ho ko yofing hakiya?,郵局還有營業嗎？,https://web.klokah.tw/extension/con_data/sound/3/dialogue/3c5d9.mp3
5,10,未知場景,未知說話者,Hai! kirami; o ’ayaw aca no lahok a mafawah.,有啊！但是只有中午之前才營業。,https://web.klokah.tw/extension/con_data/sound/3/dialogue/3c5d10.mp3
5,11,未知場景,未知說話者,Matakop a mitefad to payci?,來得及提款嗎？,https://web.klokah.tw/extension/con_data/sound/3/dialogue/3c5d11.mp3
5,12,未知場景,未知說話者,"Ano tangsol tayra i matini, maedeng ho a matakop.",如果現在立即前往，還可以趕的上。,https://web.klokah.tw/extension/con_data/sound/3/dialogue/3c5d12.mp3
6,1,未知場景,未知說話者,Ira ko paisingan itini?,這裡有診所嗎？,https://web.klokah.tw/extension/con_data/sound/3/dialogue/3c6d1.mp3
6,2,未知場景,未知說話者,"Ira, tosa aca.",有，只有兩間。,https://web.klokah.tw/extension/con_data/sound/3/dialogue/3c6d2.mp3
6,3,未知場景,未知說話者,I cowa ko mangataay?,哪一間比較近呢？,https://web.klokah.tw/extension/con_data/sound/3/dialogue/3c6d3.mp3
6,4,未知場景,未知說話者,I ti:raw tora takara:way a loma’ ko mangataay.,在那棟高高的大樓是比較近的。,https://web.klokah.tw/extension/con_data/sound/3/dialogue/3c6d4.mp3
6,5,未知場景,未知說話者,Pafesot han pakayni ko rakat?,從這裡直走嗎？,https://web.klokah.tw/extension/con_data/sound/3/dialogue/3c6d5.mp3
6,6,未知場景,未知說話者,"Hai, caay karaay.",是的，不會遠。,https://web.klokah.tw/extension/con_data/sound/3/dialogue/3c6d6.mp3
6,7,未知場景,未知說話者,Mafana’ kiso i cowa ko patiyamay hani?,你知道商店在哪裡呢？,https://web.klokah.tw/extension/con_data/sound/3/dialogue/3c6d7.mp3
6,8,未知場景,未知說話者,Ira i tiraw.,就在那裡。,https://web.klokah.tw/extension/con_data/sound/3/dialogue/3c6d8.mp3
6,9,未知場景,未知說話者,I sakacowa nora kongyen?,在公園的哪一邊？,https://web.klokah.tw/extension/con_data/sound/3/dialogue/3c6d9.mp3
6,10,未知場景,未知說話者,I sakatimol nora kongyen.,在那座公園的南邊。,https://web.klokah.tw/extension/con_data/sound/3/dialogue/3c6d10.mp3
7,1,未知場景,未知說話者,Nga’ay ho! o maan ko ’a’acaen iso?,你好，你要買什麼？,https://web.klokah.tw/extension/con_data/sound/3/dialogue/3c7d1.mp3
7,2,未知場景,未知說話者,"Mi’aca kako to kafong, i cowa ko pa’acaay?",我想買帽子，在哪裡有賣？,https://web.klokah.tw/extension/con_data/sound/3/dialogue/3c7d2.mp3
7,3,未知場景,未知說話者,Ira i sakatolo a tongroh.,在第三樓層。,https://web.klokah.tw/extension/con_data/sound/3/dialogue/3c7d3.mp3
7,4,未知場景,未知說話者,Hai; mafana’to kako.,好的；我知道了。,https://web.klokah.tw/extension/con_data/sound/3/dialogue/3c7d4.mp3
7,5,未知場景,未知說話者,"Nga’ay ho, sapi’acaan kako to kafong.",你好，我想要買帽子。,https://web.klokah.tw/extension/con_data/sound/3/dialogue/3c7d5.mp3
7,6,未知場景,未知說話者,Masamanay a cengel ko kaolahan iso?,你喜歡什麼顏色的？,https://web.klokah.tw/extension/con_data/sound/3/dialogue/3c7d6.mp3
7,7,未知場景,未知說話者,"O kohecalay, kanca i; o kahengangayay.",是白色的，要不然；是紅色的。,https://web.klokah.tw/extension/con_data/sound/3/dialogue/3c7d7.mp3
7,8,未知場景,未知說話者,O kahengangay ko matatodongay i tisowanan.,紅色的對你很適合。,https://web.klokah.tw/extension/con_data/sound/3/dialogue/3c7d8.mp3
7,9,未知場景,未知說話者,"Dawangwang konian, falicen to mamangay.",這頂稍大了些，請換小一點的。,https://web.klokah.tw/extension/con_data/sound/3/dialogue/3c7d9.mp3
7,10,未知場景,未知說話者,"Kilimen ho ako, masamaan koni?",我找找看，這頂怎麼樣？,https://web.klokah.tw/extension/con_data/sound/3/dialogue/3c7d10.mp3
7,11,未知場景,未知說話者,"Matatodong konini, pina ko ’aca?",這頂很適合，多少錢？,https://web.klokah.tw/extension/con_data/sound/3/dialogue/3c7d11.mp3
7,12,未知場景,未知說話者,"Caay ka’atekak, tosa aca a so’ot.",不貴，只要二百元。,https://web.klokah.tw/extension/con_data/sound/3/dialogue/3c7d12.mp3
8,1,未知場景,未知說話者,Tayni masa’opo kiso anodafak?,你明天會來聚會嗎？,https://web.klokah.tw/extension/con_data/sound/3/dialogue/3c8d1.mp3
8,2,未知場景,未知說話者,"Maanen hani, ira ko demak ako.",對不起，我有事。,https://web.klokah.tw/extension/con_data/sound/3/dialogue/3c8d2.mp3
8,3,未知場景,未知說話者,Odengan to kiso ko caayay ka tayni yo!,只有你沒有來參加喔！,https://web.klokah.tw/extension/con_data/sound/3/dialogue/3c8d3.mp3
8,4,未知場景,未知說話者,"Maanen ko fana’, paliyaw sato kako mikihatiya.",沒辦法，以後再參加了。,https://web.klokah.tw/extension/con_data/sound/3/dialogue/3c8d4.mp3
8,5,未知場景,未知說話者,Hayda; matira pafelien ho kako toya sapasorot iso.,好吧；那麼你的會費先給我。,https://web.klokah.tw/extension/con_data/sound/3/dialogue/3c8d5.mp3
8,6,未知場景,未知說話者,Todong to sapasorot alapina ko cecay a tamdaw?,每個人要繳多少會費？,https://web.klokah.tw/extension/con_data/sound/3/dialogue/3c8d6.mp3
8,7,未知場景,未知說話者,Ala cecay so’ot ira ko tosa polo’ limood.,要繳交120元。,https://web.klokah.tw/extension/con_data/sound/3/dialogue/3c8d7.mp3
8,8,未知場景,未知說話者,Na! Mararawaw ko paocoli.,拿去！別找錯錢了。,https://web.klokah.tw/extension/con_data/sound/3/dialogue/3c8d8.mp3
8,9,未知場景,未知說話者,"Aray, ano sakalima no pilipayan mikayki kita, ira ko limaw iso?",謝謝；星期五時我們要開會，你有空嗎？,https://web.klokah.tw/extension/con_data/sound/3/dialogue/3c8d9.mp3
8,10,未知場景,未知說話者,"Manen ko fana’, minokay kami a tala Posong.",抱歉，我們要回臺東。,https://web.klokah.tw/extension/con_data/sound/3/dialogue/3c8d10.mp3
9,1,未知場景,未知說話者,Fangcal ko pisanoPangcah iso.,你的阿美語說得很好。,https://web.klokah.tw/extension/con_data/sound/3/dialogue/3c9d1.mp3
9,2,未知場景,未知說話者,"Caho kafangcal, minanamay ho kako.",還不太標準，我還在學習。,https://web.klokah.tw/extension/con_data/sound/3/dialogue/3c9d2.mp3
9,3,未知場景,未知說話者,Cima ko pasifana’ay i tisowanan?,誰教你的呢？,https://web.klokah.tw/extension/con_data/sound/3/dialogue/3c9d3.mp3
9,4,未知場景,未知說話者,"Pa’aliwac mitilid tayra to ci akongan kako, i tira minanam kako.",放假時我去阿公處，我就在那裡學習。,https://web.klokah.tw/extension/con_data/sound/3/dialogue/3c9d4.mp3
9,5,未知場景,未知說話者,Hai! salaw mafana’ caciyaw to no Pangcah kiso.,真的！難怪你很會說阿美語。,https://web.klokah.tw/extension/con_data/sound/3/dialogue/3c9d5.mp3
9,6,未知場景,未知說話者,Mapasifana’ to ni akong kako kira.,平時阿公都有教我呀。,https://web.klokah.tw/extension/con_data/sound/3/dialogue/3c9d6.mp3
9,7,未知場景,未知說話者,O manmaan ko pasifana’an ni akong iso?,你的阿公都教些什麼?,https://web.klokah.tw/extension/con_data/sound/3/dialogue/3c9d7.mp3
9,8,未知場景,未知說話者,"O ngangan no losid, ngangan no kakaenen,   ngangan no tatirengan ato ngangan no pinalengaw.",是服飾篇、食物篇、身體篇和植物篇等。,https://web.klokah.tw/extension/con_data/sound/3/dialogue/3c9d8.mp3
9,9,未知場景,未知說話者,Maemin to mafana’ a somowal kiso?,你全部都會說了嗎？,https://web.klokah.tw/extension/con_data/sound/3/dialogue/3c9d9.mp3
9,10,未知場景,未知說話者,Caho; adihay ho ko nananamen.,還沒；還有許多要學的。,https://web.klokah.tw/extension/con_data/sound/3/dialogue/3c9d10.mp3
10,1,未知場景,未知說話者,Kalipahak to kahofocan iso!,祝你生日快樂！,https://web.klokah.tw/extension/con_data/sound/3/dialogue/3c10d1.mp3
10,2,未知場景,未知說話者,"’Aray ko pahemek iso, ano hakowa ko no miso a kahofocan?",謝謝您的祝福，你的生日是何時呢？,https://web.klokah.tw/extension/con_data/sound/3/dialogue/3c10d2.mp3
10,3,未知場景,未知說話者,No cilaay a lipay.,下個禮拜。,https://web.klokah.tw/extension/con_data/sound/3/dialogue/3c10d3.mp3
10,4,未知場景,未知說話者,O maan ko kaolahan iso a sapatiwid?,你喜歡什麼禮物？,https://web.klokah.tw/extension/con_data/sound/3/dialogue/3c10d4.mp3
10,5,未知場景,未知說話者,Caento! polong han tayni loma’ miholol.,不用啦！全家人一起來我家寒喧吧。,https://web.klokah.tw/extension/con_data/sound/3/dialogue/3c10d5.mp3
10,6,未知場景,未知說話者,Hayda; papolong sato kami tayra pahemek to kahofocan iso a romi’ad.,好吧；我們會一起去祝賀你的生日。,https://web.klokah.tw/extension/con_data/sound/3/dialogue/3c10d6.mp3
10,7,未知場景,未知說話者,Li’ayaw han ako a mi’aray kamo to palemed takowanan. Ano hakowa ko no miso Ofad?,先謝謝你們給我的祝福。Ofad你的是什麼時候?,https://web.klokah.tw/extension/con_data/sound/3/dialogue/3c10d7.mp3
10,8,未知場景,未知說話者,"Wata ho, roma to a folad, caykanca tayni kiso yo!",還早啦！是下個月，你一定要來喔！,https://web.klokah.tw/extension/con_data/sound/3/dialogue/3c10d8.mp3
10,9,未知場景,未知說話者,"Hayda, ano maraod to tayra sato kako.",好哇！屆時我一定會去。,https://web.klokah.tw/extension/con_data/sound/3/dialogue/3c10d9.mp3
10,10,未知場景,未知說話者,"Matira aca! tata, masadak kita misalama.",那麼，走吧，我們出去玩。,https://web.klokah.tw/extension/con_data/sound/3/dialogue/3c10d10.mp3
11,1,未知場景,未知說話者,Papina kamo a malakaka?,你有幾個兄弟姐妹？,https://web.klokah.tw/extension/con_data/sound/3/dialogue/3c11d1.mp3
11,2,未知場景,未知說話者,Tatolo kami a malakaka.,我有三位兄弟姐妹。,https://web.klokah.tw/extension/con_data/sound/3/dialogue/3c11d2.mp3
11,3,未知場景,未知說話者,Ira ko kaka iso to fa’inayan?,你有哥哥嗎？,https://web.klokah.tw/extension/con_data/sound/3/dialogue/3c11d3.mp3
11,4,未知場景,未知說話者,"Ira, cecay ko kaka ako to fa’inayan.",有的，我有一個哥哥。,https://web.klokah.tw/extension/con_data/sound/3/dialogue/3c11d4.mp3
11,5,未知場景,未知說話者,O maan ko tayal no kaka iso?,你哥哥是做什麼工作呢？,https://web.klokah.tw/extension/con_data/sound/3/dialogue/3c11d5.mp3
11,6,未知場景,未知說話者,O malasafitayay ko tayal nira.,他是職業軍人。,https://web.klokah.tw/extension/con_data/sound/3/dialogue/3c11d6.mp3
11,7,未知場景,未知說話者,O maan ko tayal no safa iso?,你的妹妹是做什麼工作呢？,https://web.klokah.tw/extension/con_data/sound/3/dialogue/3c11d7.mp3
11,8,未知場景,未知說話者,Misafangcalay to pising ato fokes.,做美容和美髮的。,https://web.klokah.tw/extension/con_data/sound/3/dialogue/3c11d8.mp3
11,9,未知場景,未知說話者,Tadamalalok kamo a malakaka.,你們兄弟姐妹很勤勞。,https://web.klokah.tw/extension/con_data/sound/3/dialogue/3c11d9.mp3
11,10,未知場景,未知說話者,So’elin to; cifaloco’ ko mama ako a palatamdaw i tamiyanan.,沒錯；我爸爸很用心的在教育我們。,https://web.klokah.tw/extension/con_data/sound/3/dialogue/3c11d10.mp3
12,1,未知場景,未知說話者,O maan ko tayal iso?,你是做什麼的？,https://web.klokah.tw/extension/con_data/sound/3/dialogue/3c12d1.mp3
12,2,未知場景,未知說話者,O malaimengay kako.,我是警員。,https://web.klokah.tw/extension/con_data/sound/3/dialogue/3c12d2.mp3
12,3,未知場景,未知說話者,O masamaanay ko tayal no imeng?,警察負責怎麼樣的工作？,https://web.klokah.tw/extension/con_data/sound/3/dialogue/3c12d3.mp3
12,4,未知場景,未知說話者,Adihay ko tayal niyam caay ka ranih.,我們的工作非常繁雜。,https://web.klokah.tw/extension/con_data/sound/3/dialogue/3c12d4.mp3
12,5,未知場景,未知說話者,O maamaan ko tatayalen namo saw?,你們有哪些工作呢？,https://web.klokah.tw/extension/con_data/sound/3/dialogue/3c12d5.mp3
12,6,未知場景,未知說話者,"Mirepet to mari’angay, mitakaway, malasangay a parakat to tosiya ato misa’efitay.",抓壞人、小偷、酒醉駕車和詐欺犯。,https://web.klokah.tw/extension/con_data/sound/3/dialogue/3c12d6.mp3
12,7,未知場景,未知說話者,Wata! caay to ko sasafaen ko tayal iso.,哇！你的工作真不簡單。,https://web.klokah.tw/extension/con_data/sound/3/dialogue/3c12d7.mp3
12,8,未知場景,未知說話者,Hai! o mimaanay ko tayal iso?,是啊！你是從事什麼工作的呢？,https://web.klokah.tw/extension/con_data/sound/3/dialogue/3c12d8.mp3
12,9,未知場景,未知說話者,O singsi kako.,我是老師。,https://web.klokah.tw/extension/con_data/sound/3/dialogue/3c12d9.mp3
12,10,未知場景,未知說話者,"Fangcal ko malasingsiay, adihay ko sapaini to minanamay ato sapadama to saka’orip.",當老師真好，有豐富的知識和生活的保障。,https://web.klokah.tw/extension/con_data/sound/3/dialogue/3c12d10.mp3
13,1,未知場景,未知說話者,Macahiw to kako.,我肚子餓了。,https://web.klokah.tw/extension/con_data/sound/3/dialogue/3c13d1.mp3
13,2,未知場景,未知說話者,Tatata malahok to kita hada.,走走走我們去吃午餐吧。,https://web.klokah.tw/extension/con_data/sound/3/dialogue/3c13d2.mp3
13,3,未知場景,未知說話者,I cowa kita maro’?,我們要坐哪？,https://web.klokah.tw/extension/con_data/sound/3/dialogue/3c13d3.mp3
13,4,未知場景,未知說話者,I tiraw mingata to pi’atalan kita.,我們在那邊靠近盛菜區。,https://web.klokah.tw/extension/con_data/sound/3/dialogue/3c13d4.mp3
13,5,未知場景,未知說話者,O maan ko sikaen hakiya?,到底有什麼菜呢？,https://web.klokah.tw/extension/con_data/sound/3/dialogue/3c13d5.mp3
13,6,未知場景,未知說話者,"Wah.....ira ko sorita, toda, ’a’owang ato dongec, fengiw saan a masanek.",哇...有章魚，海鰻，海膽和藤心，飄香撲鼻。,https://web.klokah.tw/extension/con_data/sound/3/dialogue/3c13d6.mp3
13,7,未知場景,未知說話者,Ira ko titi ato kalang.,也有肉和螃蟹。,https://web.klokah.tw/extension/con_data/sound/3/dialogue/3c13d7.mp3
13,8,未知場景,未知說話者,O kaolahan ako ko titi ato kalang.,我最喜歡吃肉和螃蟹。,https://web.klokah.tw/extension/con_data/sound/3/dialogue/3c13d8.mp3
13,9,未知場景,未知說話者,Adihayen ko pi’atal!,那多盛一些吧！,https://web.klokah.tw/extension/con_data/sound/3/dialogue/3c13d9.mp3
13,10,未知場景,未知說話者,Marafi’ to ko kaysing ato sala ako.,我的餐盤滿出來了。,https://web.klokah.tw/extension/con_data/sound/3/dialogue/3c13d10.mp3
13,11,未知場景,未知說話者,Aka tawalen ko satenas.,別忘了沾醬。,https://web.klokah.tw/extension/con_data/sound/3/dialogue/3c13d11.mp3
14,1,未知場景,未知說話者,O tatalacowa kiso Lafin?,Lafin你要去哪？,https://web.klokah.tw/extension/con_data/sound/3/dialogue/3c14d1.mp3
14,2,未知場景,未知說話者,O tatala Kakacawan kako.,我要去長濱。,https://web.klokah.tw/extension/con_data/sound/3/dialogue/3c14d2.mp3
14,3,未知場景,未知說話者,Mimaan kiso a tayra?,你要去那做什麼？,https://web.klokah.tw/extension/con_data/sound/3/dialogue/3c14d3.mp3
14,4,未知場景,未知說話者,Mipasata kako to nanom.,我要去繳水費。,https://web.klokah.tw/extension/con_data/sound/3/dialogue/3c14d4.mp3
14,5,未知場景,未知說話者,"Pikawih to kamay, ira to tayni ko tosiya.",快招手，公車來了。,https://web.klokah.tw/extension/con_data/sound/3/dialogue/3c14d5.mp3
14,6,未知場景,未知說話者,Tamita; macakat to kita a mikalic.,請吧；我們上車吧。,https://web.klokah.tw/extension/con_data/sound/3/dialogue/3c14d6.mp3
14,7,未知場景,未知說話者,Lafin; Ira ini ko kamaro’an.,Lafin；這裡有位子呀。,https://web.klokah.tw/extension/con_data/sound/3/dialogue/3c14d7.mp3
14,8,未知場景,未知說話者,Na’ay; malileng kako i tira a maro’.,不要，坐在那我會暈車。,https://web.klokah.tw/extension/con_data/sound/3/dialogue/3c14d8.mp3
14,9,未知場景,未知說話者,Fawah hanen ko sasingaran.,把窗戶打開吧。,https://web.klokah.tw/extension/con_data/sound/3/dialogue/3c14d9.mp3
14,10,未知場景,未知說話者,"Tatiih, micomod ko alafoh.",不行，灰塵會飛進來。,https://web.klokah.tw/extension/con_data/sound/3/dialogue/3c14d10.mp3
15,1,未知場景,未知說話者,Aya! o maan ko adada no fafahi iso?,哎呀！你的妻子是什麼病呢？,https://web.klokah.tw/extension/con_data/sound/3/dialogue/3c15d1.mp3
15,2,未知場景,未知說話者,Halafin to ko adada no fongoh nira.,他頭痛很久了。,https://web.klokah.tw/extension/con_data/sound/3/dialogue/3c15d2.mp3
15,3,未知場景,未知說話者,Na masongila’ to makinsa panengneng to ising?,有讓醫生做徹底檢查嗎？,https://web.klokah.tw/extension/con_data/sound/3/dialogue/3c15d3.mp3
15,4,未知場景,未知說話者,O tatayra to a miniwing misaheci pakinsa.,正要去住院做逐項的檢查。,https://web.klokah.tw/extension/con_data/sound/3/dialogue/3c15d4.mp3
15,5,未知場景,未知說話者,"Pisana’onna’on to, mangalefaw.",請多保重，以免加重。,https://web.klokah.tw/extension/con_data/sound/3/dialogue/3c15d5.mp3
15,6,未知場景,未知說話者,Na adada cingra caay to kadepoc ko pidipot to wawa.,從她生病以來，都無法專心照顧小孩。,https://web.klokah.tw/extension/con_data/sound/3/dialogue/3c15d6.mp3
15,7,未知場景,未知說話者,I cowaay ko paisingan namo?,你們在哪裡就醫呢？,https://web.klokah.tw/extension/con_data/sound/3/dialogue/3c15d7.mp3
15,8,未知場景,未知說話者,Tayra kami i Cangken paisingan.,我們要去長庚醫院。,https://web.klokah.tw/extension/con_data/sound/3/dialogue/3c15d8.mp3
15,9,未知場景,未知說話者,"Aka to karawraw ko faloco’, pisana’ona’on to tireng.",你不要太操心，多注意身體。,https://web.klokah.tw/extension/con_data/sound/3/dialogue/3c15d9.mp3
15,10,未知場景,未知說話者,"Hai, pi’imer to ko nga’ayay.",是的，保健最為首要。,https://web.klokah.tw/extension/con_data/sound/3/dialogue/3c15d10.mp3
16,1,未知場景,未知說話者,"Nga’ay ho, cima kiso?",你好，請問是哪位？,https://web.klokah.tw/extension/con_data/sound/3/dialogue/3c16d1.mp3
16,2,未知場景,未知說話者,"Nga’ay ho, ci Potal kako, ira ci Fosay i loma’?",你好，我是Ramay，Fosay在家嗎？,https://web.klokah.tw/extension/con_data/sound/3/dialogue/3c16d2.mp3
16,3,未知場景,未知說話者,Awaay; masadak cingra. mimaan saw?,不在；他出去了，要做什麼呢？,https://web.klokah.tw/extension/con_data/sound/3/dialogue/3c16d3.mp3
16,4,未知場景,未知說話者,"Macicih ko riko’ ako, papitapiden ako cingra sa kako.",我的衣服破了，我想請他縫補。,https://web.klokah.tw/extension/con_data/sound/3/dialogue/3c16d4.mp3
16,5,未知場景,未知說話者,O tireng sa a mitapid a mamaan?,你自己不會縫嗎？,https://web.klokah.tw/extension/con_data/sound/3/dialogue/3c16d5.mp3
16,6,未知場景,未知說話者,Mafokil kako mitapid.,我不會縫補。,https://web.klokah.tw/extension/con_data/sound/3/dialogue/3c16d6.mp3
16,7,未知場景,未知說話者,Talaen ho; minokay cingra ano honi.,那你稍等；他待會就要回來了。,https://web.klokah.tw/extension/con_data/sound/3/dialogue/3c16d7.mp3
16,8,未知場景,未知說話者,Aya; macaloh kako.,哎呀！我很急。,https://web.klokah.tw/extension/con_data/sound/3/dialogue/3c16d8.mp3
16,9,未知場景,未知說話者,Tahidangen ako cingra?,我要叫他回來嗎？,https://web.klokah.tw/extension/con_data/sound/3/dialogue/3c16d9.mp3
16,10,未知場景,未知說話者,"Hayda; kalamkamen, matamor kako.",是的；要盡快，我很急。,https://web.klokah.tw/extension/con_data/sound/3/dialogue/3c16d10.mp3
16,11,未知場景,未知說話者,Ano matira; ini ko fangko no tingwa nira. tanamen patingwa cingra.,那麼，這是他的電話號碼，你嘗試撥電話給他。,https://web.klokah.tw/extension/con_data/sound/3/dialogue/3c16d11.mp3
17,1,未知場景,未知說話者,O maan ko kakaenen iso?,你想要吃什麼？,https://web.klokah.tw/extension/con_data/sound/3/dialogue/3c17d1.mp3
17,2,未知場景,未知說話者,Fangsis ko siraw i tini saan ko katengilan.,聽說這裡的醃肉很香。,https://web.klokah.tw/extension/con_data/sound/3/dialogue/3c17d2.mp3
17,3,未知場景,未知說話者,"Hai, ira ko katacomoli, o kalang, o paheko, ato hakhak.",沒錯，這裡有蝸牛、螃蟹、蕨類還有糯米飯。,https://web.klokah.tw/extension/con_data/sound/3/dialogue/3c17d3.mp3
17,4,未知場景,未知說話者,O maan ko kohaw ita?,我們要喝什麼湯？,https://web.klokah.tw/extension/con_data/sound/3/dialogue/3c17d4.mp3
17,5,未知場景,未知說話者,Maolah kiso to kohaw no dongec?,你喜歡喝藤心湯嗎？,https://web.klokah.tw/extension/con_data/sound/3/dialogue/3c17d5.mp3
17,6,未知場景,未知說話者,"’Angreray ko dongec, ira ko roma?",藤心很苦，有沒有別的？,https://web.klokah.tw/extension/con_data/sound/3/dialogue/3c17d6.mp3
17,7,未知場景,未知說話者,"Saka komaenan kako to kohaw no takola’, iraay hakini?",我好想吃青蛙湯喔！不知道有沒有？,https://web.klokah.tw/extension/con_data/sound/3/dialogue/3c17d7.mp3
17,8,未知場景,未知說話者,Hakeno licayen ho ako.,不知道我去問問看。,https://web.klokah.tw/extension/con_data/sound/3/dialogue/3c17d8.mp3
17,9,未知場景,未知說話者,"Akato, ira o kohaw no katacomoli.",不必了，那就喝蝸牛湯好了。,https://web.klokah.tw/extension/con_data/sound/3/dialogue/3c17d9.mp3
17,10,未知場景,未知說話者,"Hayda, oraan ko ’aledetay.",好吧，那很夠味。,https://web.klokah.tw/extension/con_data/sound/3/dialogue/3c17d10.mp3
17,11,未知場景,未知說話者,Mangalef pacamolen to damdam tatodong sanay kira.,尤其是加辣椒更是對味。,https://web.klokah.tw/extension/con_data/sound/3/dialogue/3c17d11.mp3
18,1,未知場景,未知說話者,O maan ko tadakaola:han iso?,你的興趣是什麼？,https://web.klokah.tw/extension/con_data/sound/3/dialogue/3c18d1.mp3
18,2,未知場景,未知說話者,O romadiway ko tadakaola:han ako.,我的興趣是唱歌。,https://web.klokah.tw/extension/con_data/sound/3/dialogue/3c18d2.mp3
18,3,未知場景,未知說話者,O maan ko miraradiwan iso?,你都唱什麼類型的歌？,https://web.klokah.tw/extension/con_data/sound/3/dialogue/3c18d3.mp3
18,4,未知場景,未知說話者,O radiw no Pangcah.,唱阿美族的歌曲。,https://web.klokah.tw/extension/con_data/sound/3/dialogue/3c18d4.mp3
18,5,未知場景,未知說話者,Mafana’ kiso romadiw tono tato’asan a radiw ato patikiri?,你會唱古老的傳統歌謠和合音嗎？,https://web.klokah.tw/extension/con_data/sound/3/dialogue/3c18d5.mp3
18,6,未知場景,未知說話者,Hai! milecad kako to mato’asay a romadiw.,是的！我會跟著長輩唱著。,https://web.klokah.tw/extension/con_data/sound/3/dialogue/3c18d6.mp3
18,7,未知場景,未知說話者,Cima ko pasifana’ay i tisowanan a romadiw?,是誰教你唱的？,https://web.klokah.tw/extension/con_data/sound/3/dialogue/3c18d7.mp3
18,8,未知場景,未知說話者,Ci mamo ako ko pasifana’ay i takowanan.,是我祖母教我唱的。,https://web.klokah.tw/extension/con_data/sound/3/dialogue/3c18d8.mp3
18,9,未知場景,未知說話者,Tadafangcal tengilen ko radiw iso.,你唱的歌聲非常好聽。,https://web.klokah.tw/extension/con_data/sound/3/dialogue/3c18d9.mp3
18,10,未知場景,未知說話者,Maolah kako minanam to mipatikiriay to radiw.,我喜歡學習唱合音搭唱歌謠。,https://web.klokah.tw/extension/con_data/sound/3/dialogue/3c18d10.mp3
19,1,未知場景,未知說話者,"Maolah kako to kaciherangan, kiso i?",我很喜歡夏天，那你呢？,https://web.klokah.tw/extension/con_data/sound/3/dialogue/3c19d1.mp3
19,2,未知場景,未知說話者,"Hai, o kaolahan ako ko kaciherangan.",是的，我最喜歡夏天了。,https://web.klokah.tw/extension/con_data/sound/3/dialogue/3c19d2.mp3
19,3,未知場景,未知說話者,O maan ko kaolahan iso to kaciherangan?,你為何喜歡夏天呢？,https://web.klokah.tw/extension/con_data/sound/3/dialogue/3c19d3.mp3
19,4,未知場景,未知說話者,Manga’ay tayra i riyar midangoy ato komaen to kolikolian.,可以去海邊游泳和吃冰品。,https://web.klokah.tw/extension/con_data/sound/3/dialogue/3c19d4.mp3
19,5,未知場景,未知說話者,"Mafokilay midangoy kako, o tadakoki’ ako to katangongol no nanom.",我不會游泳，我對水深很恐懼。,https://web.klokah.tw/extension/con_data/sound/3/dialogue/3c19d5.mp3
19,6,未知場景,未知說話者,Ano matira; tatata pasifana’en ako kiso i matini.,要不然；走吧！我現在教你。,https://web.klokah.tw/extension/con_data/sound/3/dialogue/3c19d6.mp3
19,7,未知場景,未知說話者,"Awa ko limaw ako, mitokong kako to facidol malo sakalafi.",我沒空，我要去摘麵包果當做晚餐。,https://web.klokah.tw/extension/con_data/sound/3/dialogue/3c19d7.mp3
19,8,未知場景,未知說話者,"Kaeso’ay ko facidol makaen, palada’en kako.",麵包果是很美味的，要分給我。,https://web.klokah.tw/extension/con_data/sound/3/dialogue/3c19d8.mp3
19,9,未知場景,未知說話者,"Adihay i tatapangan, lonok hanen mitokong.",樹上很多，自己去摘。,https://web.klokah.tw/extension/con_data/sound/3/dialogue/3c19d9.mp3
19,10,未知場景,未知說話者,Matalaway kako to ’adeteng no facidol.,我很怕麵包樹的黏液。,https://web.klokah.tw/extension/con_data/sound/3/dialogue/3c19d10.mp3
19,11,未知場景,未知說話者,Kacitakamayan; nga’ay caay pikinat.,戴手套阿；才不會被黏到。,https://web.klokah.tw/extension/con_data/sound/3/dialogue/3c19d11.mp3
20,1,未知場景,未知說話者,Minokay i kailisinan no niyaro’ kiso?,部落的豐年祭時你會回去嗎？,https://web.klokah.tw/extension/con_data/sound/3/dialogue/3c20d1.mp3
20,2,未知場景,未知說話者,Hai; hakelongen niyam ko wawa a minokay.,是的；我們會帶著孩子回去。,https://web.klokah.tw/extension/con_data/sound/3/dialogue/3c20d2.mp3
20,3,未知場景,未知說話者,Sakapina a folad ko ilisin namo?,你們豐年祭是幾月呢？,https://web.klokah.tw/extension/con_data/sound/3/dialogue/3c20d3.mp3
20,4,未知場景,未知說話者,"Sakapito a folad, lima a romi’ad ko likoda.",七月份，有五天的盛會。,https://web.klokah.tw/extension/con_data/sound/3/dialogue/3c20d4.mp3
20,5,未知場景,未知說話者,O maan ko tadamaanay a lawla i kailisinan?,豐年祭時有什麼特別的活動？,https://web.klokah.tw/extension/con_data/sound/3/dialogue/3c20d5.mp3
20,6,未知場景,未知說話者,"Maemin ci losid ko polong finaolan no niyaro’. Ira ko hahay, malalifet ko kapah micelem, mi’adop ato pacakat to selal.",部落的族人全部著傳統服飾。有豐年歌舞、年輕人潛水抓魚及狩獵競技和年齡階層進階。,https://web.klokah.tw/extension/con_data/sound/3/dialogue/3c20d6.mp3
20,7,未知場景,未知說話者,Tengil han fangcal ko likoda no niyaro’ namo.,聽起來你們部落豐年祭很有趣。,https://web.klokah.tw/extension/con_data/sound/3/dialogue/3c20d7.mp3
20,8,未知場景,未知說話者,"Saka, ano ira ko limaw namo, katayra to miki’araw.",所以，你們有時間，可以去參觀。,https://web.klokah.tw/extension/con_data/sound/3/dialogue/3c20d8.mp3
20,9,未知場景,未知說話者,Nga’ay to! tala hanto niyam ko ilisin namo.,當然！我們期待你們的豐年祭。,https://web.klokah.tw/extension/con_data/sound/3/dialogue/3c20d9.mp3
20,10,未知場景,未知說話者,Hakelongen ko salikaka namo yo!,帶著你們的親友呦！,https://web.klokah.tw/extension/con_data/sound/3/dialogue/3c20d10.mp3
21,1,未知場景,未知說話者,Maratar kiso?,你這麼早？,https://web.klokah.tw/extension/con_data/sound/3/dialogue/3c21d1.mp3
21,2,未知場景,未知說話者,Hai! o cacitodong mamifawah to pitilidan niyam kako.,是啊，我負責開我們班教室的門。,https://web.klokah.tw/extension/con_data/sound/3/dialogue/3c21d2.mp3
21,3,未知場景,未知說話者,O mamimaan ano honi kiso?,你待會要做什麼？,https://web.klokah.tw/extension/con_data/sound/3/dialogue/3c21d3.mp3
21,4,未知場景,未知說話者,Miicefos to hana kako.,我要去澆花。,https://web.klokah.tw/extension/con_data/sound/3/dialogue/3c21d4.mp3
21,5,未知場景,未知說話者,Maherek a micefos mimaan ho kiso?,澆完花之後你還要做什麼？,https://web.klokah.tw/extension/con_data/sound/3/dialogue/3c21d5.mp3
21,6,未知場景,未知說話者,Miladom to nananomen kako.,我要去裝開水。,https://web.klokah.tw/extension/con_data/sound/3/dialogue/3c21d6.mp3
21,7,未知場景,未知說話者,Tadamalalok kiso.,你好勤勞。,https://web.klokah.tw/extension/con_data/sound/3/dialogue/3c21d7.mp3
21,8,未知場景,未知說話者,Cowa! nanaman to ako to romi’ami’ad.,哪裡！我每天已經習慣了。,https://web.klokah.tw/extension/con_data/sound/3/dialogue/3c21d8.mp3
21,9,未知場景,未知說話者,Padangen ako kiso?,需要我幫忙嗎？,https://web.klokah.tw/extension/con_data/sound/3/dialogue/3c21d9.mp3
21,10,未知場景,未知說話者,"Aka to, o mamalepon to ako.",不用了，我要完成了。,https://web.klokah.tw/extension/con_data/sound/3/dialogue/3c21d10.mp3
21,11,未知場景,未知說話者,Mangodo tato kiso.,你太客氣了。,https://web.klokah.tw/extension/con_data/sound/3/dialogue/3c21d11.mp3
22,1,未知場景,未知說話者,"Ngaay ho, padangen ho kako?",你好，請幫幫我？,https://web.klokah.tw/extension/con_data/sound/3/dialogue/3c22d1.mp3
22,2,未知場景,未知說話者,Mamaan kiso saw?,你是怎麼啦？,https://web.klokah.tw/extension/con_data/sound/3/dialogue/3c22d2.mp3
22,3,未知場景,未知說話者,"Macaniker i papotal kako, ira i laloma’ ko safawah.",我被反鎖，鑰匙在房間裡面。,https://web.klokah.tw/extension/con_data/sound/3/dialogue/3c22d3.mp3
22,4,未知場景,未知說話者,I sakapina a tongroh ko kafoti’an iso?,你的房間在第幾樓層？,https://web.klokah.tw/extension/con_data/sound/3/dialogue/3c22d4.mp3
22,5,未知場景,未知說話者,I sakaenem a tongroh.,在第六樓。,https://web.klokah.tw/extension/con_data/sound/3/dialogue/3c22d5.mp3
22,6,未知場景,未知說話者,Kilimen ho ako ko roma a safawah.,我去找備用鑰匙。,https://web.klokah.tw/extension/con_data/sound/3/dialogue/3c22d6.mp3
22,7,未知場景,未知說話者,"Ira to ini! maherek a mifawah kiso, patikolen kako haw.",找到了！你用完後，請你歸還給我。,https://web.klokah.tw/extension/con_data/sound/3/dialogue/3c22d7.mp3
22,8,未知場景,未知說話者,Hai; a matira padangen kako mikakoy tonini a lalosidan patayra i fafaed.,好的；那麼請幫我把這些行李提上去。,https://web.klokah.tw/extension/con_data/sound/3/dialogue/3c22d8.mp3
22,9,未知場景,未知說話者,Hayda! kakoy han to ako.,好的！我會抬上去的。,https://web.klokah.tw/extension/con_data/sound/3/dialogue/3c22d9.mp3
22,10,未知場景,未知說話者,’Aray ko pipadang iso.,謝謝你的幫忙。,https://web.klokah.tw/extension/con_data/sound/3/dialogue/3c22d10.mp3
22,11,未知場景,未知說話者,O pinangan no tayal niyam.,這是我們的職責。,https://web.klokah.tw/extension/con_data/sound/3/dialogue/3c22d11.mp3
23,1,未知場景,未知說話者,I cowa ko pitilidan iso?,你讀哪一所學校？,https://web.klokah.tw/extension/con_data/sound/3/dialogue/3c23d1.mp3
23,2,未知場景,未知說話者,I tini i Posong Madawdaw Cengkong Sangsoy ko pitilidan ako.,在臺東成功鎮我就讀成功商水。,https://web.klokah.tw/extension/con_data/sound/3/dialogue/3c23d2.mp3
23,3,未知場景,未知說話者,Ano hakowa a mihawad ko pitilid iso?,你何時畢業呢？,https://web.klokah.tw/extension/con_data/sound/3/dialogue/3c23d3.mp3
23,4,未知場景,未知說話者,O mamalepon to tona kaciherangan.,今年暑假即將畢業了。,https://web.klokah.tw/extension/con_data/sound/3/dialogue/3c23d4.mp3
23,5,未知場景,未知說話者,O mamitilid ho to tata’angay a pitilidan kiso?,你會繼續讀大學嗎？,https://web.klokah.tw/extension/con_data/sound/3/dialogue/3c23d5.mp3
23,6,未知場景,未知說話者,Hai! misafaloco’ matini kako.,是的，我現在很認真。,https://web.klokah.tw/extension/con_data/sound/3/dialogue/3c23d6.mp3
23,7,未知場景,未知說話者,O maan ko kaolahan iso a minanam?,你最喜歡學習的是什麼？,https://web.klokah.tw/extension/con_data/sound/3/dialogue/3c23d7.mp3
23,8,未知場景,未知說話者,O miraradiway.,是音樂系。,https://web.klokah.tw/extension/con_data/sound/3/dialogue/3c23d8.mp3
23,9,未知場景,未知說話者,Sa’icelen to a mifana’ haw!,要努力學習喔！,https://web.klokah.tw/extension/con_data/sound/3/dialogue/3c23d9.mp3
23,10,未知場景,未知說話者,"Hai! ano hakowaay to, ya fana’ ako minokay a paradiw panocay sapatengil i niyaro’.",是的！將來返鄉將我所學的獻唱並回饋表現給部落。,https://web.klokah.tw/extension/con_data/sound/3/dialogue/3c23d10.mp3
24,1,未知場景,未知說話者,Ko’esit nanamen ko caciyaw no Pangcah haw?,阿美語很難學嗎？,https://web.klokah.tw/extension/con_data/sound/3/dialogue/3c24d1.mp3
24,2,未知場景,未知說話者,Hai! adihay ko makakitingay a caciyaw no Pangcah.,是的！阿美語有很多重疊詞。,https://web.klokah.tw/extension/con_data/sound/3/dialogue/3c24d2.mp3
24,3,未知場景,未知說話者,I cowaay kiso a minanam?,你在哪裡學習的？,https://web.klokah.tw/extension/con_data/sound/3/dialogue/3c24d3.mp3
24,4,未知場景,未知說話者,I tira i niyaro’ ako.,在我的部落。,https://web.klokah.tw/extension/con_data/sound/3/dialogue/3c24d4.mp3
24,5,未知場景,未知說話者,Nikaorira! adihay ho ko kafokilan ako mitengil to sowal no Pangcah.,但是！阿美語還有許多我都聽不懂。,https://web.klokah.tw/extension/con_data/sound/3/dialogue/3c24d5.mp3
24,6,未知場景,未知說話者,’Aloman ho ko mato’asay o pilicayan.,還有許多的長輩可以請教。,https://web.klokah.tw/extension/con_data/sound/3/dialogue/3c24d6.mp3
24,7,未知場景,未知說話者,Tanestes tengilen ko caciyaw iso tono Pangcah.,你的阿美語聽起來很流暢。,https://web.klokah.tw/extension/con_data/sound/3/dialogue/3c24d7.mp3
24,8,未知場景,未知說話者,O no Pangcah kira ko sakalalicay niyam.,我們都是以母語對談。,https://web.klokah.tw/extension/con_data/sound/3/dialogue/3c24d8.mp3
24,9,未知場景,未知說話者,Manga’ay malo pinanaman niyam kiso i pitilidan.,在學校，你可以做為我們學習的對象。,https://web.klokah.tw/extension/con_data/sound/3/dialogue/3c24d9.mp3
24,10,未知場景,未知說話者,Sa’icelen no mita.,我們一起努力。,https://web.klokah.tw/extension/con_data/sound/3/dialogue/3c24d10.mp3
25,1,未知場景,未知說話者,Talacowaay misalama kamo i cilaay a lipay?,上個禮拜你們到哪去玩？,https://web.klokah.tw/extension/con_data/sound/3/dialogue/3c25d1.mp3
25,2,未知場景,未知說話者,Tayraay i Dipong kami a miliwko.,我們去了日本旅遊。,https://web.klokah.tw/extension/con_data/sound/3/dialogue/3c25d2.mp3
25,3,未知場景,未知說話者,Papina ko cafay iso a tayra?,你有幾位同伴前往？,https://web.klokah.tw/extension/con_data/sound/3/dialogue/3c25d3.mp3
25,4,未知場景,未知說話者,Lalima a malacafay kami tayra.,我們五位結伴同遊。,https://web.klokah.tw/extension/con_data/sound/3/dialogue/3c25d4.mp3
25,5,未知場景,未知說話者,Tayraay kamo i Hokaydo?,你們有去北海道嗎？,https://web.klokah.tw/extension/con_data/sound/3/dialogue/3c25d5.mp3
25,6,未知場景,未知說話者,"Hai, tayra ho kami i roma a niyaro’.",有阿，我們也有去別的村莊。,https://web.klokah.tw/extension/con_data/sound/3/dialogue/3c25d6.mp3
25,7,未知場景,未知說話者,Masamaan ko niyaro’ i tira?,那裡的部落怎麼樣呢？,https://web.klokah.tw/extension/con_data/sound/3/dialogue/3c25d7.mp3
25,8,未知場景,未知說話者,"Wata kafangcal, nikaorira; caay kafilo ko sienaw.",非常漂亮，但是；無法忍受寒冷。,https://web.klokah.tw/extension/con_data/sound/3/dialogue/3c25d8.mp3
25,9,未知場景,未知說話者,"Ka’inalan kamo, anohakowa pakatoor i tamowanan kako?",好羨慕你們，不知何時我才能跟上你們？,https://web.klokah.tw/extension/con_data/sound/3/dialogue/3c25d9.mp3
25,10,未知場景,未知說話者,"Ano matira; tatata, tala Amilika kita.",那麼；走走走，我們去美國。,https://web.klokah.tw/extension/con_data/sound/3/dialogue/3c25d10.mp3
26,1,未知場景,未知說話者,Pasifana’en ho kako to ’orip iso?,可以介紹你自己嗎？,https://web.klokah.tw/extension/con_data/sound/3/dialogue/3c26d1.mp3
26,2,未知場景,未知說話者,"Nga’ay ho, ci Maing kako, o naniPosongay kako.",你好，我叫Maing，來自臺東。,https://web.klokah.tw/extension/con_data/sound/3/dialogue/3c26d2.mp3
26,3,未知場景,未知說話者,O mimaanay ko tayal iso i ’ayaw?,你以前從事何種行業。,https://web.klokah.tw/extension/con_data/sound/3/dialogue/3c26d3.mp3
26,4,未知場景,未知說話者,O miyakiway ko tayal ako.,我是打職業棒球的。,https://web.klokah.tw/extension/con_data/sound/3/dialogue/3c26d4.mp3
26,5,未知場景,未知說話者,Pina to miheca ko pimali iso?,你打了幾年的球？,https://web.klokah.tw/extension/con_data/sound/3/dialogue/3c26d5.mp3
26,6,未知場景,未知說話者,Moetep a miheca ko pimali ako.,我打了十年的球。,https://web.klokah.tw/extension/con_data/sound/3/dialogue/3c26d6.mp3
26,7,未知場景,未知說話者,O maan ko ngangan no cefang iso?,你球隊的名字是什麼呢？,https://web.klokah.tw/extension/con_data/sound/3/dialogue/3c26d7.mp3
26,8,未知場景,未知說話者,O Kolong ko ngangan no cefang ako.,我的球隊名字是牛隊。,https://web.klokah.tw/extension/con_data/sound/3/dialogue/3c26d8.mp3
26,9,未知場景,未知說話者,Sawad nosa kiso to pimalian iso?,你為何離開你的球場呢？,https://web.klokah.tw/extension/con_data/sound/3/dialogue/3c26d9.mp3
26,10,未知場景,未知說話者,"Madoka’ to ko patelaw ako, caayto pakatekol to mali.",我的手臂受傷，不能再投球了。,https://web.klokah.tw/extension/con_data/sound/3/dialogue/3c26d10.mp3
26,11,未知場景,未知說話者,"Hai! mafana' to kako, misatapang tayni matayal anodafak kiso.",好的，我知道了，明天請你開始來工作。,https://web.klokah.tw/extension/con_data/sound/3/dialogue/3c26d11.mp3
26,12,未知場景,未知說話者,’Aray!,謝謝！,https://web.klokah.tw/extension/con_data/sound/3/dialogue/3c26d12.mp3
27,1,未知場景,未知說話者,Maening kiso anini.,你今天好漂亮。,https://web.klokah.tw/extension/con_data/sound/3/dialogue/3c27d1.mp3
27,2,未知場景,未知說話者,Haysaw! masamaan nengnengen ko talip ako?,是嗎？那我的裙子看起來怎樣？,https://web.klokah.tw/extension/con_data/sound/3/dialogue/3c27d2.mp3
27,3,未知場景,未知說話者,"Aciyah kafangcal a nengnengen, matiya cingohahay to kiso hay?",哇很好看，你好像在戀愛了是嗎？,https://web.klokah.tw/extension/con_data/sound/3/dialogue/3c27d3.mp3
27,4,未知場景,未知說話者,Cima ko kafana’an iso?,你聽誰說的？,https://web.klokah.tw/extension/con_data/sound/3/dialogue/3c27d4.mp3
27,5,未知場景,未知說話者,"Mahapinang ko pising iso, sedi saan caay pitolas caciyaw to tingwa.",你的表情很明顯，興奮的不停在講電話。,https://web.klokah.tw/extension/con_data/sound/3/dialogue/3c27d5.mp3
27,6,未知場景,未知說話者,Haysaw? sakangodoan.,是嗎？好害羞。,https://web.klokah.tw/extension/con_data/sound/3/dialogue/3c27d6.mp3
27,7,未知場景,未知說話者,Cima kora kapah?,那個年輕人是哪位？,https://web.klokah.tw/extension/con_data/sound/3/dialogue/3c27d7.mp3
27,8,未知場景,未知說話者,"Ci Ofad, o safa ni Ramay.",叫Ofad，是Ramay的弟弟。,https://web.klokah.tw/extension/con_data/sound/3/dialogue/3c27d8.mp3
27,9,未知場景,未知說話者,"Iki kiso, o tada tanestesay ko tireng ningra.",你好幸運，他是非常英俊瀟灑的。,https://web.klokah.tw/extension/con_data/sound/3/dialogue/3c27d9.mp3
27,10,未知場景,未知說話者,"Maolah kako cingranan, nawhan masinanotay ko tamdaw nira.",我很喜歡他，因為他很為人很謙卑。,https://web.klokah.tw/extension/con_data/sound/3/dialogue/3c27d10.mp3
28,1,未知場景,未知說話者,"Makapah anini kiso, o tadalosid namo kona ca’edong?",你今天好漂亮，你的穿著是你們的傳統服飾嗎？,https://web.klokah.tw/extension/con_data/sound/3/dialogue/3c28d1.mp3
28,2,未知場景,未知說話者,Hai! no pasawalian a ca’edong konini.,是的！這是東部阿美族的穿著。,https://web.klokah.tw/extension/con_data/sound/3/dialogue/3c28d2.mp3
28,3,未知場景,未知說話者,Mikihatiya romadiw ato masakero kiso?,你會參加唱歌和跳舞嗎？,https://web.klokah.tw/extension/con_data/sound/3/dialogue/3c28d3.mp3
28,4,未知場景,未知說話者,"Hai! nawhan, mitoor to lisin no niyaro’.",會！因為，要尊隨部落的祭典。,https://web.klokah.tw/extension/con_data/sound/3/dialogue/3c28d4.mp3
28,5,未知場景,未知說話者,Pararid ira to mihecahecaan kona likakawa?,每一年都有舉辦如此習俗嗎？,https://web.klokah.tw/extension/con_data/sound/3/dialogue/3c28d5.mp3
28,6,未知場景,未知說話者,"Hai, iraay ko likakawa to misacepo’ ato likoda no niyaro’.",是的，部落也有舉辦海祭和豐年祭習俗。,https://web.klokah.tw/extension/con_data/sound/3/dialogue/3c28d6.mp3
28,7,未知場景,未知說話者,Manga’ay tayra mikihatiya kami?,我們可以來參加嗎？,https://web.klokah.tw/extension/con_data/sound/3/dialogue/3c28d7.mp3
28,8,未知場景,未知說話者,"Manga’ay to, lahamham kami to katayni namo.",當然可以，我們很歡迎你們來參加。,https://web.klokah.tw/extension/con_data/sound/3/dialogue/3c28d8.mp3
28,9,未知場景,未知說話者,Ci ca’edong kami to tadalosid?,我們也要穿傳統服飾嗎？,https://web.klokah.tw/extension/con_data/sound/3/dialogue/3c28d9.mp3
28,10,未知場景,未知說話者,Hai! mapolong kita cilosid a masakero.,是的！我們全部要著傳統服飾來跳舞。,https://web.klokah.tw/extension/con_data/sound/3/dialogue/3c28d10.mp3
29,1,未知場景,未知說話者,Ano hakowa misacepo’ ko niyaro’ namo?,你的部落何時舉行海祭?,https://web.klokah.tw/extension/con_data/sound/3/dialogue/3c29d1.mp3
29,2,未知場景,未知說話者,I tini i canglalan no saka enem a folad.,在六月的農曆十五號。,https://web.klokah.tw/extension/con_data/sound/3/dialogue/3c29d2.mp3
29,3,未知場景,未知說話者,Matatood a minokay ko finaolan no niyaro’?,部落的族人都會回來嗎?,https://web.klokah.tw/extension/con_data/sound/3/dialogue/3c29d3.mp3
29,4,未知場景,未知說話者,"Hakeno, awa ko pinang to romi’ad no misiyakayay.",不知道，出外工作者的時間不能確定。,https://web.klokah.tw/extension/con_data/sound/3/dialogue/3c29d4.mp3
29,5,未知場景,未知說話者,Masamaan ko colah namo i pisacepo’an?,海祭時你們有怎樣活動？,https://web.klokah.tw/extension/con_data/sound/3/dialogue/3c29d5.mp3
29,6,未知場景,未知說話者,Polong fa’inayan no niyaro’ matatood tayra i riyar micelem ato mitafokod to foting.,部落所有男人都到海邊潛水和撒網抓魚。,https://web.klokah.tw/extension/con_data/sound/3/dialogue/3c29d6.mp3
29,7,未知場景,未知說話者,Mimaan ko fafahiyan i loma’?,女人在家做什麼？,https://web.klokah.tw/extension/con_data/sound/3/dialogue/3c29d7.mp3
29,8,未知場景,未知說話者,Patala to pinafoting no fa’inayan a misahemay ato mitalik to toron.,迎接男人的魚獲和煮糯米跟搗糯米糕。,https://web.klokah.tw/extension/con_data/sound/3/dialogue/3c29d8.mp3
29,9,未知場景,未知說話者,Tahidangen kako a mingiraw?,要宴請我享用餐會?,https://web.klokah.tw/extension/con_data/sound/3/dialogue/3c29d9.mp3
29,10,未知場景,未知說話者,"Hai, halhalen niyam ko katayni iso.",可以呀，我們會歡迎你的到來。,https://web.klokah.tw/extension/con_data/sound/3/dialogue/3c29d10.mp3
30,1,未知場景,未知說話者,Pina ko kasafinacadan no Yencominco anini?,原住民族有幾個族群呢？,https://web.klokah.tw/extension/con_data/sound/3/dialogue/3c30d1.mp3
30,2,未知場景,未知說話者,Sepatay safaw ko finacadan no Yincominco anini.,共有十四族群。,https://web.klokah.tw/extension/con_data/sound/3/dialogue/3c30d2.mp3
30,3,未知場景,未知說話者,O cimacima kasafinacadan?,是哪些族群呢？,https://web.klokah.tw/extension/con_data/sound/3/dialogue/3c30d3.mp3
30,4,未知場景,未知說話者,"O Pangcah, Tayan, Paywan, Ponong, Lokay, Piwma, Tao, Saysiya, Taroko, Co, Kafalan, Sakiraya, Secik ato Saw.",有阿美族、泰雅族、排灣族、布農族、魯凱族、卑南族、雅美族、賽夏族、太魯閣族、鄒族、噶瑪蘭族、撒奇萊雅族、賽德克族以及邵族。,https://web.klokah.tw/extension/con_data/sound/3/dialogue/3c30d4.mp3
30,5,未知場景,未知說話者,O manan a finacadan ko sa’alomanay a tamdaw?,人口數最多的是哪一族？,https://web.klokah.tw/extension/con_data/sound/3/dialogue/3c30d5.mp3
30,6,未知場景,未知說話者,O Pangcah.,是阿美族。,https://web.klokah.tw/extension/con_data/sound/3/dialogue/3c30d6.mp3
30,7,未知場景,未知說話者,O manan a finacadan ko samamangay ko tamdaw?,那人口數最少的是哪一族？,https://web.klokah.tw/extension/con_data/sound/3/dialogue/3c30d7.mp3
30,8,未知場景,未知說話者,O Saw.,是邵族。,https://web.klokah.tw/extension/con_data/sound/3/dialogue/3c30d8.mp3
30,9,未知場景,未知說話者,O manan koya mipacengelay to pising?,哪一個族是有紋面的？,https://web.klokah.tw/extension/con_data/sound/3/dialogue/3c30d9.mp3
30,10,未知場景,未知說話者,"O Tayan, Saysiya, Taroko, Secik.",泰雅族、賽夏族、太魯閣族、賽德克族等。,https://web.klokah.tw/extension/con_data/sound/3/dialogue/3c30d10.mp3
30,11,未知場景,未知說話者,"Mafana’ay to kako,’aray.",我知道了，謝謝你。,https://web.klokah.tw/extension/con_data/sound/3/dialogue/3c30d11.mp3
